year,rooms,occupancy_rate,revenue_millions,employees,revenue_per_room,occupancy_growth
2022,3567,18.3,349.9,2252,98093.63610877488,0.0
2023,3598,19.9,450.9,1887,125319.62201222901,8.743169398907092
2024,3650,23.6,542.0,2226,148493.15068493152,18.592964824120628
