attraction,visitors,domestic_pct,international_pct,domestic_visitors,international_visitors,popularity,recommendation_score
Thaba Bosiu,32097,96.4,3.6,30941.508,1155.492,1.0,100.0
Morija Museum,14351,96.1,3.9,13791.310999999998,559.689,0.44711343739290277,44.71134373929028
Maletsunyane Falls,9850,78.6,21.4,7742.1,2107.9,0.3068822631398573,30.688226313985727
Kome Caves,3034,79.0,21.0,2396.86,637.14,0.09452596815901798,9.452596815901797
