country,arrivals_2024,growth_pct,market_share
South Africa,860000,31.0,94.41419286843492
Zimbabwe,19200,34.5,2.1078517477604075
USA,6720,52.8,0.7377481117161426
India,5760,19.5,0.6323555243281223
Netherlands,5760,161.6,0.6323555243281223
China,5760,33.2,0.6323555243281223
Germany,3840,36.8,0.4215703495520815
UK,3840,31.9,0.4215703495520815
