country,spend_per_night,accommodation_pct,food_pct,accommodation_spend,food_spend
South Africa,839,48.4,22.4,406.07599999999996,187.93599999999998
Netherlands,1019,51.1,21.2,520.7090000000001,216.028
Germany,896,53.5,23.6,479.36,211.45600000000002
UK,1193,51.1,22.9,609.623,273.19699999999995
USA,982,49.2,22.8,483.144,223.89600000000002
